{"mean":{"confidence_interval":{"confidence_level":0.95,"lower_bound":0.023899050844809273,"upper_bound":0.039170943236669774},"point_estimate":0.032252552713477156,"standard_error":0.003889379732869828},"median":{"confidence_interval":{"confidence_level":0.95,"lower_bound":0.030004164374974884,"upper_bound":0.03926476975949833},"point_estimate":0.03481660253760266,"standard_error":0.002352801695295338}}