{"mean":{"confidence_interval":{"confidence_level":0.95,"lower_bound":-0.03224933323260498,"upper_bound":-0.016786257220364077},"point_estimate":-0.02435457721143497,"standard_error":0.003950816366218457},"median":{"confidence_interval":{"confidence_level":0.95,"lower_bound":-0.04047195990128227,"upper_bound":-0.0278690153367952},"point_estimate":-0.035426226801481,"standard_error":0.0031873854266776577}}